,Unnamed: 0.1,Unnamed: 0,社名,分類
1,1,1,AMG　STUDIO,IT系
2,1218,1069,AMKミュージック合同会社,IT系
3,2,2,ARアドバンステクノロジ株式会社,IT系
4,3,3,BTD STUDIO株式会社,IT系
5,4,4,Betop Japan株式会社,IT系
6,5,5,CONPAK CPA LIMITED,IT系
7,1219,1070,Clock Dance Inc.,IT系
8,1220,1071,Clock Dance Inc.,IT系
9,6,6,Clock Dance LLC,IT系
10,7,7,D4A,IT系
11,8,8,DATAR / ARCHITECTURE,IT系
12,9,9,G,IT系
13,10,10,GMOインターネット株式会社,IT系
14,11,11,GMOゲームセンター株式会社,IT系
15,12,12,IINA株式会社,IT系
16,13,13,Indo-Sakura Software Japan株式会社,IT系
17,14,14,Indo-Sakura Software Japan株式会社,IT系
18,15,1072,KCGコンサルティンググループ有限責任事業組合,IT系
19,16,15,KITシステムズ株式会社,IT系
20,17,16,MK .INTERNATIONAL株式会社,IT系
21,1221,1073,MasaHills,IT系
22,18,17,NE東京株式会社,IT系
23,19,18,NE東京株式会社,IT系
24,20,19,NJKテクノ・システム株式会社,IT系
25,21,1074,New File Entertainment,IT系
26,22,20,Public Art inc,IT系
27,1222,1075,RIO Japanホールディングス株式会社,IT系
28,1223,1076,RIO Japanホールディングス株式会社,IT系
29,1224,1077,RIO Japanホールディングス株式会社,IT系
30,23,1078,RedAtoms,IT系
31,24,21,SETソフトウェア株式会社,IT系
32,25,22,SEモバイル・アンド・オンライン株式会社,IT系
33,26,23,SEモバイル・アンド・オンライン株式会社,IT系
34,27,24,SEモバイル・アンド・オンライン株式会社,IT系
35,28,25,SEモバイル・アンド・オンライン株式会社,IT系
36,29,26,SHANGHAI IMA GROUP INC.,IT系
37,30,27,SNS株式会社新日本システムズ,IT系
38,1225,1079,SSEホールディングス株式会社,IT系
39,31,28,T&Tコミュニケ―ションズ株式会社,IT系
40,32,29,TINAMI　株式会社,IT系
41,33,30,TINAMI　株式会社,IT系
42,34,31,TIS株式会社,IT系
43,35,1080,TSRソリューションズ株式会社,IT系
44,36,1081,TSRソリューションズ株式会社,IT系
45,37,32,WELLCOM株式会社,IT系
46,38,33,Wiz Biz株式会社,IT系
47,39,1082,"Xiamen ManLoo Network Co.,Ltd.",IT系
48,40,34,Yugenstudio株式会社,IT系
49,41,35,Yugenstudio株式会社,IT系
50,42,36,Yugenstudio株式会社,IT系
51,43,37,menue株式会社,IT系
52,1226,1083,ngi group株式会社,IT系
53,44,1084,studioGAOH.inc,IT系
54,45,1085,いいかいものドットネット,IT系
55,46,38,ひろぞードットネット,IT系
56,47,39,アイエックス・ナレッジ株式会社,IT系
57,48,40,アイエックス・ナレッジ株式会社,IT系
58,49,41,アイエックス・ナレッジ株式会社,IT系
59,50,42,アイエックス・ナレッジ株式会社,IT系
60,51,1086,アイオステクノロジー株式会社,IT系
61,1227,1087,アイオン合同会社,IT系
62,52,43,アイクラフト株式会社,IT系
63,53,44,アイコムシステック株式会社,IT系
64,1228,1088,アイコム株式会社,IT系
65,1229,1089,アイザース有限会社,IT系
66,54,45,アイテック阪急阪神株式会社,IT系
67,55,46,アイディアファクトリー株式会社,IT系
68,56,47,アイビーウエーブ株式会社,IT系
69,57,48,アイピーロジック株式会社,IT系
70,58,49,アイリーベル株式会社,IT系
71,59,50,アイルランド政府産業開発庁,IT系
72,60,51,アイレックスインフォテック株式会社,IT系
73,1230,1090,アイ・ティ・シー株式会社,IT系
74,61,52,アサヒビジネスソリューションズ株式会社,IT系
75,62,1092,アップ経営コンサルタント株式会社,IT系
76,63,53,アドバンスト・アプリケーション株式会社,IT系
77,64,54,アドバンスト・アプリケーション株式会社,IT系
78,65,55,アドミネット株式会社,IT系
79,66,56,アネックスインフォメーション株式会社,IT系
80,67,57,アネックスインフォメーション株式会社,IT系
81,68,58,アバンテック株式会社,IT系
82,69,59,アバンテック株式会社,IT系
83,70,60,アプリカティブ株式会社,IT系
84,71,61,アベールソリューションズ株式会社,IT系
85,72,62,アベールソリューションズ株式会社,IT系
86,73,63,アベールソリューションズ株式会社,IT系
87,74,64,アベールソリューションズ株式会社,IT系
88,75,1093,アメリカン・ライフ・インシュアランス・カンパニー,IT系
89,76,65,アルカディア・システムズ株式会社,IT系
90,1232,1094,アルゴノート株式会社,IT系
91,77,66,アルタスソフトウェア株式会社,IT系
92,78,67,アルファインフォメーションソリューション株式会社,IT系
93,79,1095,アンカーテクノロジー株式会社,IT系
94,80,68,アンリミテッド株式会社,IT系
95,81,69,アークシステムワーク株式会社,IT系
96,82,70,イグニス・イメージワークス株式会社,IT系
97,83,71,イナゾウ株式会社,IT系
98,1233,1096,イラストレーターKAOS,IT系
99,84,72,インスタンス株式会社,IT系
100,85,73,インターギアソリューション株式会社,IT系
101,86,1097,インターシップ株式会社,IT系
102,87,1098,インターシップ株式会社,IT系
103,88,74,インターナショナル・データ・リサーチ株式会社,IT系
104,89,75,インターネットウェア株式会社,IT系
105,90,76,インターネットウェア株式会社,IT系
106,91,1099,インターネットウェア株式会社,IT系
107,92,77,インターノウス株式会社,IT系
108,93,78,インターリンク株式会社,IT系
109,94,79,インターリンク株式会社,IT系
110,95,80,インターリンク株式会社,IT系
111,1234,1100,イントループ株式会社,IT系
112,96,81,インフィニティー株式会社,IT系
113,97,82,イースマイル株式会社,IT系
114,98,83,イースマイル株式会社,IT系
115,99,84,イースマイル株式会社,IT系
116,100,85,イーネット株式会社,IT系
117,101,86,ウェード・コム株式会社,IT系
118,102,87,ウォービーズ有限会社,IT系
119,103,88,ウォービーズ有限会社,IT系
120,104,89,エイジシステム株式会社,IT系
121,105,1101,エイトドアソリューションズ株式会社,IT系
122,106,1102,エイトドアソリューションズ株式会社,IT系
123,107,90,エウレカコンピューター株式会社,IT系
124,108,91,エウレカコンピューター株式会社,IT系
125,109,92,エス・エー・エス株式会社,IT系
126,110,93,エヌエスイー株式会社,IT系
127,111,94,エプソンサービス株式会社,IT系
128,112,95,エンザントレイズ株式会社,IT系
129,113,96,エンジニアネット株式会社,IT系
130,114,97,エーエムジースタジオ,IT系
131,115,98,エージェント株式会社,IT系
132,116,99,オフィスキューブ株式会社,IT系
133,1235,1103,オリックス不動産株式会社,IT系
134,1236,1104,ガッシュ株式会社,IT系
135,117,100,キャストネット東京株式会社,IT系
136,118,101,キャデス・デジテック,IT系
137,119,102,キャリネット株式会社,IT系
138,120,103,キャリネット株式会社,IT系
139,121,104,クラウドゲート株式会社,IT系
140,122,105,クラウドゲート株式会社,IT系
141,123,106,クリマテック株式会社,IT系
142,124,1105,クレスコ・イー・ソリューション株式会社,IT系
143,1237,1106,クロスマーチャンダイス株式会社,IT系
144,125,107,グリッド・リサーチ株式会社,IT系
145,1238,1107,グリーンアース株式会社,IT系
146,126,108,グリー株式会社,IT系
147,127,1108,グルーヴ・ギア株式会社,IT系
148,128,109,グローバルビジネスソリューション株式会社,IT系
149,129,110,グローバル・テクノロジー・デザイン株式会社,IT系
150,130,111,グーグル株式会社,IT系
151,131,112,グーグル株式会社,IT系
152,1239,1109,コアーズ株式会社,IT系
153,1240,1110,コアーズ株式会社,IT系
154,1241,1111,コアーズ株式会社,IT系
155,1242,1112,コアーズ株式会社,IT系
156,132,113,コグニティブリサーチラボ株式会社,IT系
157,133,114,コナミ株式会社,IT系
158,134,115,コナミ株式会社,IT系
159,135,116,コナミ株式会社,IT系
160,136,117,コムチュア株式会社,IT系
161,137,118,コムネット株式会社,IT系
162,1243,1113,コンパス,IT系
163,138,1114,コンピュータリピート株式会社,IT系
164,139,119,サイバネットテクノロジ株式会社,IT系
165,140,120,サニーヘルス株式会社,IT系
166,141,121,サンデン商事株式会社,IT系
167,142,122,サンリックス株式会社,IT系
168,143,123,サン電子株式会社,IT系
169,144,124,シェアゼロ株式会社,IT系
170,145,125,システムセンス株式会社,IT系
171,146,126,システム・アナライズ株式会社,IT系
172,147,127,システム技研株式会社,IT系
173,148,128,シービーエス株式会社,IT系
174,149,129,ジェイズ・コミュニケーション株式会社,IT系
175,150,130,ジャパンメディアシステム株式会社,IT系
176,151,131,ジークス株式会社,IT系
177,152,132,スキルハウス・スタッフィング・ソリューションズ株式会社,IT系
178,153,133,スタイラス株式会社,IT系
179,154,134,スタジオ・ハードデラックス株式会社,IT系
180,155,135,スミセイ情報システム株式会社,IT系
181,156,136,セコムトラストシステムズ株式会社,IT系
182,1244,1115,セコム株式会社,IT系
183,157,137,ソフトバンクBB株式会社,IT系
184,158,138,ソフトバンク・ヒューマンキャピタル株式会社,IT系
185,159,139,ソフトバンク・ヒューマンキャピタル株式会社,IT系
186,160,140,ソフトバンク・ヒューマンキャピタル株式会社,IT系
187,161,141,ソフトブリッジソリューションズジャパン株式会社,IT系
188,1245,1116,ソラン中国,IT系
189,1246,1117,ソラン中国,IT系
190,162,142,ソリッドシード株式会社,IT系
191,163,143,タップシステム株式会社,IT系
192,164,144,タップジョイ・ジャパン株式会社,IT系
193,165,1120,タボット株式会社,IT系
194,166,1121,タボット株式会社,IT系
195,167,1122,ダイナミックシステム株式会社,IT系
196,1249,1123,チャイナポータル株式会社,IT系
197,1250,1124,チャイナポータル株式会社,IT系
198,1251,1125,チャイナポータル株式会社,IT系
199,1252,1126,ツイテル株式会社,IT系
200,1253,1127,テクノバン株式会社,IT系
201,168,145,テックベース株式会社,IT系
202,169,146,テンプスタッフ・アウトソーシング株式会社,IT系
203,170,147,テンプスタッフ株式会社,IT系
204,171,148,ディップ株式会社,IT系
205,172,149,デジタルハリウッド大学大学院,IT系
206,173,150,データウェアネットワーク株式会社,IT系
207,174,151,データライブ株式会社,IT系
208,1254,1128,トウマンホーム株式会社,IT系
209,1255,1129,トッパン・フォームズ・オペレーション株式会社,IT系
210,175,152,トライアウトプロジェクト,IT系
211,176,153,トランスコスモス株式会社,IT系
212,177,154,トレンドワークス株式会社,IT系
213,178,1130,トーマツイノベーション株式会社,IT系
214,179,155,トーワシステムサポート株式会社,IT系
215,1256,1131,ドットコムサービス株式会社,IT系
216,180,156,ドリームビジョン株式会社,IT系
217,181,1132,ドリームワークス株式会社,IT系
218,182,157,ナビオス横浜,IT系
219,183,158,ナビオフコンピュータ株式会社,IT系
220,184,159,ナビオフコンピュータ株式会社,IT系
221,185,160,ナレッジビーンズ株式会社,IT系
222,186,161,ナレッジビーンズ株式会社,IT系
223,187,162,ネクストウェア株式会社,IT系
224,188,163,ネットラピュタ株式会社,IT系
225,189,1133,ネット・トレインサービス株式会社,IT系
226,190,164,バイドゥ株式会社,IT系
227,191,1134,バリューアークコンサルティング株式会社,IT系
228,192,1135,バリューアークコンサルティング株式会社,IT系
229,1257,1136,バンク・オブ・コンテンツ株式会社,IT系
230,1258,1137,パシフィック・オーシャン株式会社,IT系
231,193,165,パブリックソフトウェア株式会社,IT系
232,194,1138,パワーテクノロジー株式会社,IT系
233,195,166,パートナーシップ株式会社,IT系
234,196,167,ヒューマン シーン株式会社,IT系
235,1259,1139,ヒューマンウェア株式会社,IT系
236,197,168,ヒューマンタッチ株式会社,IT系
237,1260,1140,ビットキャッシュ株式会社,IT系
238,198,169,ビ・ハイア株式会社,IT系
239,1261,1141,ビートレード・パートナーズ株式会社,IT系
240,199,170,ピセ株式会社,IT系
241,200,171,ピュア・グリーン株式会社,IT系
242,201,172,ピュア・グリーン株式会社,IT系
243,202,173,ピュア・グリーン株式会社,IT系
244,203,1142,ファンチーム株式会社,IT系
245,204,174,ファーストヴィレッジ株式会社,IT系
246,1262,1143,フューチャー・エクシィード株式会社,IT系
247,1263,1144,プレジャードーム株式会社,IT系
248,205,175,ペガサス・システム株式会社,IT系
249,206,176,ポリゴンマジック株式会社,IT系
250,207,177,ポリゴンマジック株式会社,IT系
251,208,178,ポリゴンマジック株式会社,IT系
252,209,179,ポリゴンマジック株式会社,IT系
253,210,180,ポリゴンマジック株式会社,IT系
254,211,181,マイクロソフト株式会社,IT系
255,1264,1145,マサヒルズ,IT系
256,212,182,マジックソフトウェア・ジャパン株式会社,IT系
257,213,183,マルワソフト株式会社,IT系
258,214,184,ミラクル・リナックス株式会社,IT系
259,215,185,メッツソフトウェア株式会社,IT系
260,216,186,メディア・ビジョン株式会社,IT系
261,217,187,ヤマグチロボット研究所,IT系
262,218,188,ヤマニシステム株式会社,IT系
263,219,189,ユニバース情報システム株式会社,IT系
264,220,190,ユーニス株式会社,IT系
265,1265,1146,ライズ株式会社,IT系
266,1266,1147,ライズ株式会社,IT系
267,221,191,ライドオン・インコーポレーテッド,IT系
268,222,192,ライドオン・インコーポレーテッド,IT系
269,223,193,リンテック株式会社,IT系
270,224,194,リンテック株式会社,IT系
271,225,195,リンテック株式会社,IT系
272,226,196,レジスタクト株式会社,IT系
273,227,1148,レバレジーズ株式会社,IT系
274,228,197,レンレンゲームジャパン株式会社,IT系
275,229,198,ロア・ユナイテッド法律事務所,IT系
276,230,199,ロジスティック株式会社,IT系
277,231,200,ワンダフルフライ株式会社,IT系
278,1267,1149,ヴィンキュラムジャパン株式会社,IT系
279,232,201,一般社団法人　日本オンラインゲーム協会,IT系
280,233,202,一般社団法人　日本オンラインゲーム協会,IT系
281,1268,1150,万里プラン,IT系
282,234,203,三和コンピュータ株式会社,IT系
283,235,204,三菱ふそうトラック・バス株式会社,IT系
284,236,205,三菱総研DCS株式会社,IT系
285,237,1151,丸善工業株式会社,IT系
286,238,206,九州アニメーション株式会社,IT系
287,239,207,伊藤忠テクノソリューションズ株式会社,IT系
288,1269,1152,公立学校共済組合,IT系
289,1270,1153,労働保険事務組合富坂産業協会,IT系
290,240,208,労働保険事務組合東京経済福祉センター,IT系
291,241,209,北海情報産業株式会社,IT系
292,242,210,北海情報産業株式会社,IT系
293,243,211,北海情報産業株式会社,IT系
294,244,212,協和情報開発株式会社,IT系
295,245,213,協和情報開発株式会社,IT系
296,246,214,司システム株式会社,IT系
297,1273,1156,四分弌,IT系
298,247,215,国際システム株式会社,IT系
299,1274,1157,土地建物創研株式会社,IT系
300,248,216,大成ネット株式会社,IT系
301,249,217,大王製紙株式会社,IT系
302,250,1158,大阪デジタルコンテンツビジネス創出協議会,IT系
303,251,218,学会放送株式会社,IT系
304,252,219,封筒屋どっとこむ,IT系
305,253,220,建中衡器工廠有限公司,IT系
306,254,221,戦国魂京町家本陣,IT系
307,255,1163,日本インコム株式会社,IT系
308,256,1164,日本インコム株式会社,IT系
309,257,222,日本インフォメーション・アンド・データサービスコーポレーション株式会社,IT系
310,258,223,日本エクサシステム株式会社,IT系
311,259,224,日本エクス・クロン株式会社,IT系
312,260,225,日本エクス・クロン株式会社,IT系
313,261,226,日本エコシステム株式会社,IT系
314,262,227,日本エフェクトセンター株式会社,IT系
315,263,228,日本キャスト,IT系
316,264,229,日本コンピュータブレーン株式会社,IT系
317,265,230,日本コンピューター・システム株式会社,IT系
318,1279,1165,日本サード・パーティ株式会社,IT系
319,1280,1166,日本サード・パーティ株式会社,IT系
320,266,231,日本システムエンジニアリング株式会社,IT系
321,267,232,日本システムディベロップメント,IT系
322,268,1167,日本システム技術株式会社,IT系
323,269,1168,日本システム技術株式会社,IT系
324,270,1169,日本システム技術株式会社,IT系
325,271,233,日本システム開発株式会社,IT系
326,272,234,日本システム開発株式会社,IT系
327,273,235,日本システム開発株式会社,IT系
328,274,236,日本ソフトウェアマネジメント株式会社,IT系
329,275,237,日本ソフトウェアマネジメント株式会社,IT系
330,276,238,日本ソフトウェアマネジメント株式会社,IT系
331,277,239,日本ソフト技研株式会社,IT系
332,1281,1170,日本ソフミット株式会社,IT系
333,1282,1171,日本テクノウェイブ株式会社,IT系
334,278,240,日本テクノクラーツ株式会社,IT系
335,279,241,日本ノーベル株式会社,IT系
336,280,1172,日本フイツシヤ株式会社,IT系
337,281,1173,日本フイツシヤ株式会社,IT系
338,282,242,日本情報通信技術株式会社,IT系
339,283,243,日本情報通信技術株式会社,IT系
340,284,244,日本清華同方ソフトウェア株式会社,IT系
341,285,245,日総ブレイン株式会社,IT系
342,1284,1175,時代屋,IT系
343,286,246,有限会社Wavefunction,IT系
344,287,247,有限会社　ASC,IT系
345,288,248,有限会社　Imagination Creative,IT系
346,289,249,有限会社　audio studio 響,IT系
347,290,250,有限会社　さざなみ,IT系
348,1286,1177,有限会社　ガイズウェア,IT系
349,291,251,有限会社　ソフトニカ,IT系
350,292,252,有限会社　マリンポスト,IT系
351,293,253,有限会社　林デジタル工務店,IT系
352,294,254,有限会社　熱中日和,IT系
353,295,255,有限会社アクトコンサルタント,IT系
354,296,1178,有限会社アナハイムエンタテインメント,IT系
355,297,1179,有限会社アナハイムエンタテインメント,IT系
356,1287,1180,有限会社インターフェイスリサーチ,IT系
357,1288,1181,有限会社インターフェイスリサーチ,IT系
358,298,256,有限会社インフォメーション・システム・リサーチ,IT系
359,299,257,有限会社イー・イー・ジェイ,IT系
360,300,258,有限会社ウルクスヘブン,IT系
361,301,259,有限会社クリエイターズプライム,IT系
362,302,260,有限会社コムズ・インターナショナル・トレーディング,IT系
363,303,261,有限会社サイクロンエンターテイメント,IT系
364,304,262,有限会社サイクロンエンターテイメント,IT系
365,305,263,有限会社ジェイズコア,IT系
366,306,264,有限会社ジェイズコア,IT系
367,307,265,有限会社スリーホワイト,IT系
368,308,266,有限会社スリーホワイト,IT系
369,309,267,有限会社ソフトニカ,IT系
370,310,268,有限会社タキオン,IT系
371,311,269,有限会社ツーファイブ,IT系
372,312,270,有限会社ティーチャーズ,IT系
373,313,271,有限会社ティーチャーズ,IT系
374,314,1182,有限会社トップドッグ,IT系
375,315,1183,有限会社トップドッグ,IT系
376,1289,1184,有限会社ビッグフェイス・ジャパン,IT系
377,316,272,有限会社ミレニアム・エンタテイメント,IT系
378,317,273,有限会社ミレニアム・エンタテイメント,IT系
379,318,274,有限会社メイキング,IT系
380,1290,1185,有限会社モック,IT系
381,319,275,有限会社ラインスタッフ・プロダクツ,IT系
382,320,276,有限会社ラムダ・プランニング,IT系
383,321,277,有限会社ラムダ・プランニング,IT系
384,1291,1186,有限会社リソナル,IT系
385,1292,1187,有限会社レイズフォース,IT系
386,322,1188,有限会社東京システム印刷,IT系
387,323,278,有限会社蟻塔,IT系
388,1293,1189,未来少年,IT系
389,324,279,東京アプリケーション株式会社,IT系
390,325,280,東京システムズ株式会社,IT系
391,326,281,東京ソフト開発株式会社,IT系
392,327,282,東京ソフト開発株式会社,IT系
393,328,283,東京ソフト開発株式会社,IT系
394,329,284,東京海上日動あんしん生命保険株式会社,IT系
395,330,285,東横システム株式会社,IT系
396,331,286,東洋システム開発株式会社,IT系
397,332,287,東洋テクニカルシステム株式会社,IT系
398,333,288,東都システム開発株式会社,IT系
399,334,289,株式会社A-STAR,IT系
400,335,290,株式会社A-STAR,IT系
401,336,1193,株式会社AQインタラクティブ,IT系
402,337,1194,株式会社AQインタラクティブ,IT系
403,338,1195,株式会社AQインタラクティブ,IT系
404,339,1196,株式会社AQインタラクティブ,IT系
405,340,1197,株式会社AQインタラクティブ,IT系
406,341,1198,株式会社AQインタラクティブ,IT系
407,342,291,株式会社CLARITY STUDIO,IT系
408,343,292,株式会社CLARITY STUDIO,IT系
409,1297,1199,株式会社CRAVA,IT系
410,1298,1200,株式会社CSプランニング,IT系
411,344,293,株式会社Cotori,IT系
412,345,294,株式会社Cygames,IT系
413,346,295,株式会社Cygames,IT系
414,347,296,株式会社Cygames,IT系
415,1299,1201,株式会社D,IT系
416,1300,1202,株式会社DEF.C,IT系
417,1301,1203,株式会社DEF.C,IT系
418,348,297,株式会社DMM.com,IT系
419,349,298,株式会社DMM.com,IT系
420,350,299,株式会社DNP情報システム,IT系
421,351,300,株式会社DYM,IT系
422,352,301,株式会社DiNG,IT系
423,353,302,株式会社DiNG,IT系
424,354,303,株式会社DigiFocus,IT系
425,355,304,株式会社Donuts,IT系
426,356,305,株式会社ES,IT系
427,357,1204,株式会社En,IT系
428,358,306,株式会社GIM,IT系
429,359,307,株式会社HAL,IT系
430,1303,1206,株式会社HELPFUL33,IT系
431,360,308,株式会社HR Soft,IT系
432,361,309,株式会社HRTプラス,IT系
433,362,1207,株式会社HRTプラス,IT系
434,363,310,株式会社ISTソフトウェア,IT系
435,364,311,株式会社IT技術者センター,IT系
436,365,1208,株式会社JCDソリューション,IT系
437,366,312,株式会社JSDSS,IT系
438,367,313,株式会社JUICYPOP,IT系
439,368,314,株式会社KaNaシステム,IT系
440,369,315,株式会社LOWCAL,IT系
441,1307,1212,株式会社MyBS,IT系
442,370,316,株式会社NTTデータCCS,IT系
443,371,317,株式会社NTTデータCCS,IT系
444,372,318,株式会社NTTドコモ,IT系
445,373,319,株式会社NTTドコモ,IT系
446,1308,1213,株式会社NextTrust,IT系
447,1309,1214,株式会社NextTrust,IT系
448,374,320,株式会社OKT,IT系
449,375,321,株式会社OKT,IT系
450,376,322,株式会社OKT,IT系
451,377,323,株式会社PDトウキョウ,IT系
452,378,324,株式会社PDトウキョウ,IT系
453,379,325,株式会社PDトウキョウ,IT系
454,380,326,株式会社PDトウキョウ,IT系
455,381,327,株式会社Pro-SPIRE,IT系
456,382,328,株式会社S.E.C.,IT系
457,383,329,株式会社S.E.C.,IT系
458,384,330,株式会社SCC,IT系
459,385,331,株式会社SNKプレイモア,IT系
460,386,332,株式会社SRA,IT系
461,387,333,株式会社SRA,IT系
462,388,334,株式会社SRA,IT系
463,389,335,株式会社SYI,IT系
464,390,336,株式会社Standz,IT系
465,1310,1215,株式会社TSアドバイザリ・サービス,IT系
466,391,337,株式会社USEN,IT系
467,392,338,株式会社USEN,IT系
468,393,339,株式会社VSN,IT系
469,394,340,株式会社WEIC,IT系
470,395,341,株式会社WEIC,IT系
471,396,342,株式会社WEIC,IT系
472,397,343,株式会社Will,IT系
473,398,344,株式会社YAZ,IT系
474,399,345,株式会社Your Games,IT系
475,400,346,株式会社ZERO,IT系
476,401,347,株式会社aimot,IT系
477,402,348,株式会社comcept,IT系
478,403,349,株式会社comcept,IT系
479,404,350,株式会社fonfun,IT系
480,405,351,株式会社more technology,IT系
481,1311,1216,株式会社　5pb.,IT系
482,406,352,株式会社　CIJ,IT系
483,407,1217,株式会社　CIJネクスト,IT系
484,1312,1218,株式会社　DropWave,IT系
485,408,353,株式会社　ICCEソフト,IT系
486,409,1219,株式会社　RAIJIN,IT系
487,410,354,株式会社　RR・DD,IT系
488,411,355,株式会社　RR・DD,IT系
489,412,356,株式会社　SORA,IT系
490,1313,1220,株式会社　UNION CHO,IT系
491,413,357,株式会社　Y S J,IT系
492,1314,1221,株式会社　studio A-CAT,IT系
493,414,358,株式会社　たゆたう,IT系
494,415,359,株式会社　アイティサークル,IT系
495,416,360,株式会社　アイティースタジアム,IT系
496,417,361,株式会社　アイテック,IT系
497,418,362,株式会社　アイテック,IT系
498,1315,1222,株式会社　アイデンティティー,IT系
499,419,363,株式会社　アイランド,IT系
500,420,364,株式会社　アイランド,IT系
501,421,365,株式会社　アイ・エス・アイソフトウェアー,IT系
502,422,366,株式会社　アイ・エス・ビー,IT系
503,423,367,株式会社　アクシス・クリエイト,IT系
504,424,368,株式会社　アクシス・クリエイト,IT系
505,425,1223,株式会社　アジアヒューマンキャピタル,IT系
506,426,369,株式会社　アフェクト,IT系
507,1316,1224,株式会社　アポジジャパン,IT系
508,427,370,株式会社　アリーナ・プロフェッショナル,IT系
509,428,371,株式会社　インフォメーションポート,IT系
510,1317,1225,株式会社　イーライン,IT系
511,429,372,株式会社　ウィクシィマーケティング,IT系
512,430,373,株式会社　ウィクシィマーケティング,IT系
513,431,374,株式会社　ウィクシィマーケティング,IT系
514,1318,1226,株式会社　エス・エス・イー,IT系
515,1319,1227,株式会社　エム・エル・ビー,IT系
516,432,375,株式会社　エンジンズ,IT系
517,433,376,株式会社　エンジンズ,IT系
518,434,377,株式会社　エー・ケー・プラス,IT系
519,435,378,株式会社　カプコン,IT系
520,1320,1228,株式会社　ガルチ,IT系
521,1321,1229,株式会社　クラヴァ,IT系
522,436,379,株式会社　クレアビジョン,IT系
523,437,380,株式会社　グロウ,IT系
524,438,381,株式会社　グロウ,IT系
525,439,1230,株式会社　グロウアップソリューションズ,IT系
526,440,382,株式会社　コアコンセプト・テクノロジー,IT系
527,441,383,株式会社　コスモス,IT系
528,442,384,株式会社　コラビエ,IT系
529,443,385,株式会社　サイバーテック,IT系
530,444,386,株式会社　システムプリズマ,IT系
531,445,1231,株式会社　システム・アイランド,IT系
532,446,387,株式会社　シャンテリー,IT系
533,447,388,株式会社　シ・エム・シ,IT系
534,448,389,株式会社　シー・エス・エス,IT系
535,449,390,株式会社　シー・エス・エス,IT系
536,450,391,株式会社　ジオテック情報システム,IT系
537,451,392,株式会社　ジオテック情報システム,IT系
538,452,1232,株式会社　ジャパンコンピューターサービス,IT系
539,453,393,株式会社　ジャパンネットワークサービス,IT系
540,454,394,株式会社　ジーン,IT系
541,455,395,株式会社　スカルぺル,IT系
542,456,396,株式会社　ステラゲート,IT系
543,457,397,株式会社　スパイア,IT系
544,458,398,株式会社　ゼニス,IT系
545,459,1233,株式会社　ソフト技研,IT系
546,460,1234,株式会社　ソフト技研,IT系
547,461,1235,株式会社　ソフト技研,IT系
548,462,1236,株式会社　ソフト技研,IT系
549,463,1237,株式会社　ソフト技研,IT系
550,1322,1238,株式会社　ソルトーネ,IT系
551,464,399,株式会社　タカラトミーエンタメディア,IT系
552,465,1239,株式会社　チエ・オプティマム・ソリューションズ,IT系
553,466,400,株式会社　ティー・イー・シーシステム,IT系
554,467,401,株式会社　ティー・シー・エス,IT系
555,468,402,株式会社　デイジー,IT系
556,469,1240,株式会社　デジタリオ,IT系
557,470,403,株式会社　トータルソフト,IT系
558,471,404,株式会社　ナステック,IT系
559,472,405,株式会社　ニューロン・エイジ,IT系
560,473,406,株式会社　ネクスゲート,IT系
561,474,407,株式会社　ノス,IT系
562,1323,1241,株式会社　ハウコム,IT系
563,1324,1242,株式会社　ハウコム,IT系
564,475,408,株式会社　バサラ,IT系
565,476,409,株式会社　ヒューマンソリューションズ,IT系
566,477,410,株式会社　ヒューマン・ネットワーク・システム,IT系
567,478,411,株式会社　ビジネス・リンク,IT系
568,479,412,株式会社　ビジュアルワークス,IT系
569,480,413,株式会社　ビジュアルワークス,IT系
570,481,414,株式会社　ビッグアビリティ,IT系
571,482,415,株式会社　ビットアイル,IT系
572,483,416,株式会社　ビーグッド・テクノロジー,IT系
573,484,417,株式会社　ビーコンIT,IT系
574,1325,1243,株式会社　ピンポイントサービス,IT系
575,485,418,株式会社　ファイブ・ディグリーズ,IT系
576,486,419,株式会社　ファイブ・ディグリーズ,IT系
577,487,420,株式会社　ファインゲート,IT系
578,488,421,株式会社　フォーサイト・バリュー・テクノロジー,IT系
579,489,1244,株式会社　フューチャーネクスト,IT系
580,490,422,株式会社　ブーミング,IT系
581,491,1245,株式会社　ベストクリエイト,IT系
582,1326,1246,株式会社　マイニングブラウニー,IT系
583,1327,1247,株式会社　マイライフ・ハウジング,IT系
584,1328,1248,株式会社　マンテン,IT系
585,492,423,株式会社　メディアフォース,IT系
586,493,424,株式会社　モールス情報システム,IT系
587,494,425,株式会社　ユーネット,IT系
588,495,426,株式会社　ライズ,IT系
589,496,427,株式会社　ライズ,IT系
590,497,428,株式会社　ライズテック,IT系
591,498,429,株式会社　ラメール,IT系
592,499,430,株式会社　リブ・インターナショナル,IT系
593,500,431,株式会社　ワンズパルシステム,IT系
594,1329,1249,株式会社　ワンズマーク,IT系
595,501,432,株式会社　ヴァンガード,IT系
596,502,433,株式会社　ヴァンガード,IT系
597,503,434,株式会社　ヴァンガード,IT系
598,504,435,株式会社　加賀ライズ,IT系
599,505,436,株式会社　北一企画,IT系
600,506,437,株式会社　北央情報サービス,IT系
601,507,438,株式会社　北央情報サービス,IT系
602,508,439,株式会社　北央情報サービス,IT系
603,509,440,株式会社　情報戦略テクノロジー,IT系
604,1330,1250,株式会社　愛があれば大丈夫,IT系
605,510,441,株式会社　慶,IT系
606,511,442,株式会社　慶,IT系
607,512,443,株式会社　拓洋興業,IT系
608,513,444,株式会社　日産広告社,IT系
609,514,445,株式会社　綜合データーセンター,IT系
610,515,446,株式会社　華信コンピュータージャパン,IT系
611,516,447,株式会社　華信コンピュータージャパン,IT系
612,517,448,株式会社　華信コンピュータージャパン,IT系
613,1331,1251,株式会社　電縁,IT系
614,518,449,株式会社いかしあい隊,IT系
615,519,450,株式会社うえじま企画,IT系
616,520,451,株式会社うえじま企画,IT系
617,521,452,株式会社とうこう・あい,IT系
618,1332,1252,株式会社のんき,IT系
619,522,1253,株式会社べインキャリーカンパニー,IT系
620,523,1254,株式会社べインキャリーカンパニー,IT系
621,1333,1255,株式会社まんがdeムービー,IT系
622,524,453,株式会社アイアイネットワーク,IT系
623,525,454,株式会社アイエスエフネット,IT系
624,526,455,株式会社アイエックスときわテクノロジー,IT系
625,527,456,株式会社アイエックスときわテクノロジー,IT系
626,528,457,株式会社アイコン,IT系
627,529,458,株式会社アイシンク,IT系
628,1334,1256,株式会社アイタンクジャパン,IT系
629,1335,1257,株式会社アイダック,IT系
630,530,459,株式会社アイテクノ,IT系
631,531,460,株式会社アイテクノ,IT系
632,532,461,株式会社アイテム,IT系
633,533,462,株式会社アイビーエス,IT系
634,534,463,株式会社アイビー・ウィー,IT系
635,535,464,株式会社アイムシステムサービス,IT系
636,536,465,株式会社アイリス,IT系
637,537,466,株式会社アイリッジ,IT系
638,538,467,株式会社アイワ情報サービス,IT系
639,539,468,株式会社アイ・イーグループ,IT系
640,540,469,株式会社アイ・イーグループ,IT系
641,541,470,株式会社アイ・エンター,IT系
642,542,471,株式会社アイ・エンター,IT系
643,543,472,株式会社アイ・エンター,IT系
644,544,473,株式会社アイ・シー・エル,IT系
645,545,474,株式会社アイ・シー・ネットワークス,IT系
646,546,475,株式会社アイ・ティ・ネット,IT系
647,547,476,株式会社アイ・ティ・ネット,IT系
648,548,477,株式会社アクア,IT系
649,549,478,株式会社アクア,IT系
650,550,479,株式会社アクア,IT系
651,551,480,株式会社アクア,IT系
652,552,481,株式会社アクアブルー,IT系
653,553,482,株式会社アクサスコンサルティングジャパン,IT系
654,554,483,株式会社アクサスコンサルティングジャパン,IT系
655,555,484,株式会社アクシアエージェンシー,IT系
656,556,485,株式会社アクシアエージェンシー,IT系
657,557,486,株式会社アクシス・クリエイト,IT系
658,558,487,株式会社アクセスプランニング,IT系
659,559,488,株式会社アクセスプランニング,IT系
660,560,489,株式会社アクティス,IT系
661,561,490,株式会社アクティス,IT系
662,1336,1258,株式会社アクティブノア,IT系
663,562,491,株式会社アクティブ・ワーク,IT系
664,563,492,株式会社アクロネット,IT系
665,564,493,株式会社アクロネット,IT系
666,565,494,株式会社アクロネット,IT系
667,566,495,株式会社アクロネット,IT系
668,567,496,株式会社アクロネット,IT系
669,568,497,株式会社アクロネット,IT系
670,569,498,株式会社アクロネット,IT系
671,570,499,株式会社アクロネット,IT系
672,571,500,株式会社アクワイア,IT系
673,572,501,株式会社アクワイア,IT系
674,573,1259,株式会社アグニコンサルティング,IT系
675,574,502,株式会社アグレックス,IT系
676,575,503,株式会社アジャイルウェア,IT系
677,576,504,株式会社アスカ,IT系
678,1337,1260,株式会社アスカ,IT系
679,577,505,株式会社アスカクリエイト,IT系
680,578,506,株式会社アスカクリエイト,IT系
681,1338,1261,株式会社アスペクト,IT系
682,579,507,株式会社アスページ,IT系
683,580,508,株式会社アスページ,IT系
684,581,509,株式会社アズ,IT系
685,1339,1262,株式会社アセント,IT系
686,582,510,株式会社アッツ,IT系
687,583,511,株式会社アトムシステム,IT系
688,1340,1263,株式会社アトラクティブ,IT系
689,1341,1264,株式会社アドギア,IT系
690,1342,1265,株式会社アドギア,IT系
691,1343,1266,株式会社アドギア,IT系
692,1344,1267,株式会社アドックインターナショナル,IT系
693,1345,1268,株式会社アドバゲーミング,IT系
694,584,512,株式会社アドバンスト・リンク・ジャパン,IT系
695,585,513,株式会社アドヴァンテージ,IT系
696,586,514,株式会社アドービジネスコンサルタント,IT系
697,587,515,株式会社アドービジネスコンサルタント,IT系
698,588,516,株式会社アドービジネスコンサルタント,IT系
699,589,517,株式会社アナザーウェア,IT系
700,590,518,株式会社アナザーウェア,IT系
701,591,519,株式会社アニシス,IT系
702,592,1269,株式会社アネット,IT系
703,593,520,株式会社アビックス,IT系
704,594,521,株式会社アビット,IT系
705,595,522,株式会社アビット,IT系
706,596,523,株式会社アビリティ,IT系
707,1346,1270,株式会社アフロ,IT系
708,597,524,株式会社アメニティ情報システム,IT系
709,598,525,株式会社アメージングボックス,IT系
710,599,526,株式会社アライズ,IT系
711,600,527,株式会社アリアルインタラクティブ,IT系
712,601,528,株式会社アルシード,IT系
713,602,529,株式会社アルシード,IT系
714,603,530,株式会社アルファ・ウェーブ,IT系
715,604,531,株式会社アルファ・テクノロジー,IT系
716,1349,1273,株式会社アルファ・ユニット,IT系
717,605,532,株式会社アルヴィオン,IT系
718,606,533,株式会社アローズ・システム,IT系
719,607,534,株式会社アンク,IT系
720,608,535,株式会社アンドテック,IT系
721,609,536,株式会社アンドテック,IT系
722,610,537,株式会社アンドテック,IT系
723,611,538,株式会社アンビエントワークス,IT系
724,612,539,株式会社アンビエントワークス,IT系
725,613,540,株式会社アンフォルム,IT系
726,614,541,株式会社アークネット,IT系
727,615,542,株式会社アークネット,IT系
728,1350,1274,株式会社アークパワー,IT系
729,616,543,株式会社アーバンウェブ,IT系
730,617,544,株式会社アールピーシー,IT系
731,618,545,株式会社アールピーシー,IT系
732,619,1275,株式会社イディアステーション,IT系
733,620,546,株式会社イマジカデジタルスケープ,IT系
734,621,547,株式会社イマジカデジタルスケープ,IT系
735,1351,1276,株式会社イメージサーカス,IT系
736,622,1277,株式会社インターナショナルオペレーティングシステムズ,IT系
737,1352,1278,株式会社インターヴァリュー,IT系
738,623,1279,株式会社インテリジェントコミュニケーションズ,IT系
739,624,548,株式会社インテレクト,IT系
740,625,549,株式会社インディソフトウェア,IT系
741,1353,1280,株式会社インディ・アソシエイツ,IT系
742,1354,1281,株式会社インディ・アソシエイツ,IT系
743,626,550,株式会社イントロム,IT系
744,627,551,株式会社インフォ―テック,IT系
745,628,552,株式会社インフォマート,IT系
746,1355,1282,株式会社インワードエージェント,IT系
747,629,553,株式会社イーエフアイ,IT系
748,1356,1283,株式会社イーソル エンベックス,IT系
749,630,554,株式会社ウィザード,IT系
750,631,555,株式会社ウィッツテクノロジー,IT系
751,632,556,株式会社ウィッツテクノロジー,IT系
752,1357,1284,株式会社ウィルプラウド・ホールディングス,IT系
753,633,557,株式会社ウイング,IT系
754,634,558,株式会社ウェイブロジック,IT系
755,635,559,株式会社ウェブキャリア,IT系
756,636,560,株式会社ウェブステーション,IT系
757,637,561,株式会社ウェブステーション,IT系
758,638,562,株式会社ウェブステーション,IT系
759,639,563,株式会社ウェブレッジ,IT系
760,640,564,株式会社ウエスト,IT系
761,641,565,株式会社ウエルストーン,IT系
762,642,566,株式会社ウエルストーン,IT系
763,643,567,株式会社エイティング,IT系
764,644,568,株式会社エイティング,IT系
765,645,1285,株式会社エイベック研究所,IT系
766,646,569,株式会社エイムアット・エンターテインメント,IT系
767,647,570,株式会社エイムアット・エンターテインメント,IT系
768,648,571,株式会社エイムアット・エンターテインメント,IT系
769,649,572,株式会社エイ・シー・ティ,IT系
770,650,573,株式会社エキスパートギグ,IT系
771,651,574,株式会社エクウス,IT系
772,652,575,株式会社エクシング,IT系
773,653,576,株式会社エクシーズ,IT系
774,1358,1286,株式会社エクスクラフト,IT系
775,1359,1287,株式会社エクスクラフト,IT系
776,1360,1288,株式会社エクスディー,IT系
777,654,577,株式会社エクストリーム,IT系
778,655,578,株式会社エクストリーム,IT系
779,656,579,株式会社エクストリーム,IT系
780,657,580,株式会社エクストリーム,IT系
781,658,581,株式会社エコー・システム,IT系
782,659,582,株式会社エスアイイーシステムアーキテクチュアナレッジ,IT系
783,660,583,株式会社エスオーエスファクトリー,IT系
784,661,584,株式会社エスキュービズム,IT系
785,1361,1289,株式会社エス・エス・アヴェニュー,IT系
786,662,1290,株式会社エックスオー,IT系
787,663,585,株式会社エッジコネクション,IT系
788,664,586,株式会社エッチ・アイ・シー,IT系
789,665,587,株式会社エッチ・アイ・シー,IT系
790,666,588,株式会社エッチ・アイ・シー,IT系
791,667,589,株式会社エッチ・アイ・シー,IT系
792,668,590,株式会社エッチ・アイ・シー,IT系
793,669,591,株式会社エニプラ,IT系
794,670,592,株式会社エニプラ,IT系
795,671,593,株式会社エニプラ,IT系
796,672,594,株式会社エニプラ,IT系
797,673,595,株式会社エヌティシステムズ,IT系
798,674,596,株式会社エヌティシステムズ,IT系
799,675,597,株式会社エボリューションネット,IT系
800,1362,1291,株式会社エムアールピー,IT系
801,676,598,株式会社エムズ,IT系
802,677,599,株式会社エム・シー・シー,IT系
803,678,600,株式会社エム・ワイ・ケー,IT系
804,679,601,株式会社エム・ワイ・ケー,IT系
805,680,602,株式会社エム・ワイ・ケー,IT系
806,681,603,株式会社エム・ワイ・ケー,IT系
807,682,604,株式会社エム・ワイ・ケー,IT系
808,683,605,株式会社エルアイン,IT系
809,684,606,株式会社エルビス,IT系
810,685,607,株式会社エルピス,IT系
811,686,608,株式会社エルピス,IT系
812,687,609,株式会社エレファンテ,IT系
813,688,610,株式会社エンゲージメント,IT系
814,689,1292,株式会社エンタースフィア,IT系
815,690,1293,株式会社エンタースフィア,IT系
816,691,611,株式会社エンティティ,IT系
817,692,612,株式会社エンティティ,IT系
818,1363,1294,株式会社エヴァーレッド,IT系
819,693,1295,株式会社エーシーイー,IT系
820,694,613,株式会社エージェント・テクノロジー・グローバル・ソリューションズ,IT系
821,695,614,株式会社エージェント・テクノロジー・グローバル・ソリューションズ,IT系
822,696,615,株式会社エージェント・テクノロジー・グローバル・ソリューションズ,IT系
823,697,616,株式会社エージェント・テクノロジー・グローバル・ソリューションズ,IT系
824,698,617,株式会社エージェント・テクノロジー・グローバル・ソリューションズ,IT系
825,699,618,株式会社エーティ・プランニング,IT系
826,1364,1296,株式会社エー・ビー・エス,IT系
827,700,619,株式会社オリコム,IT系
828,701,620,株式会社オリコム,IT系
829,702,621,株式会社オリコム,IT系
830,703,1298,株式会社オルカビジョン,IT系
831,704,622,株式会社オルジェスタ,IT系
832,705,1299,株式会社オーセック,IT系
833,1366,1300,株式会社オーパス,IT系
834,1367,1301,株式会社オープンストリーム,IT系
835,706,623,株式会社オープンメディア,IT系
836,707,624,株式会社オープンループ・キャリア,IT系
837,708,625,株式会社カトム,IT系
838,709,1302,株式会社カトム,IT系
839,710,626,株式会社カネタ商会,IT系
840,711,627,株式会社カラクリズム,IT系
841,1368,1303,株式会社カンパニーデザイン,IT系
842,712,628,株式会社カーネルソフト,IT系
843,713,629,株式会社ガイアジャパン,IT系
844,714,630,株式会社ガイアックス,IT系
845,715,631,株式会社ガマニアデジタルエンターテイメント,IT系
846,716,632,株式会社ガーラ,IT系
847,717,633,株式会社クライマックス,IT系
848,718,634,株式会社クリエイト,IT系
849,719,635,株式会社クリーク・アンド・リバー社,IT系
850,720,636,株式会社クリーク・アンド・リバー社,IT系
851,721,637,株式会社クルーク,IT系
852,722,638,株式会社クレスト・ワークス,IT系
853,723,639,株式会社クレスト・ワークス,IT系
854,724,640,株式会社クレスト・ワークス,IT系
855,725,641,株式会社クレセント,IT系
856,726,1305,株式会社クレセント,IT系
857,727,642,株式会社クロノシステム,IT系
858,728,643,株式会社クロノステクノロジー,IT系
859,729,644,株式会社クロノステクノロジー,IT系
860,730,645,株式会社グッドワークス,IT系
861,731,646,株式会社グッドワークス,IT系
862,732,647,株式会社グッドワークス,IT系
863,733,648,株式会社グッド・フィール,IT系
864,734,649,株式会社グッド・フィール,IT系
865,1370,1306,株式会社グランター,IT系
866,1371,1307,株式会社グランター,IT系
867,1372,1308,株式会社グランター,IT系
868,1373,1309,株式会社グランター,IT系
869,735,650,株式会社グレイスケール,IT系
870,736,651,株式会社グレイスケール,IT系
871,737,1310,株式会社グローアップソリューションズ,IT系
872,738,1311,株式会社グローアップソリューションズ,IT系
873,739,1312,株式会社グローアップソリューションズ,IT系
874,740,1313,株式会社グローアップソリューションズ,IT系
875,741,652,株式会社グローバルビジョンテクノロジー,IT系
876,742,653,株式会社グローバー,IT系
877,743,654,株式会社グーグーパンチ,IT系
878,744,655,株式会社ケイ開発,IT系
879,745,656,株式会社ケンメディア,IT系
880,746,657,株式会社ケーエムケーワールド,IT系
881,747,658,株式会社ケーピーエス,IT系
882,748,659,株式会社ゲイン,IT系
883,749,660,株式会社ゲイン,IT系
884,750,661,株式会社ゲームゲート,IT系
885,751,662,株式会社コウイクス,IT系
886,752,663,株式会社コスマック,IT系
887,753,664,株式会社コスメディア,IT系
888,1374,1314,株式会社コスメル,IT系
889,754,665,株式会社コスモストーク,IT系
890,755,1315,株式会社コスモテック,IT系
891,1375,1316,株式会社コム,IT系
892,756,666,株式会社コムテック,IT系
893,757,1317,株式会社コラボ,IT系
894,758,667,株式会社コンテンツワン,IT系
895,1378,1320,株式会社サイスコーピオンズ,IT系
896,759,668,株式会社サイドコネクション,IT系
897,760,669,株式会社サイドコネクション,IT系
898,761,670,株式会社サイバーエージェント,IT系
899,762,671,株式会社サクセス,IT系
900,763,672,株式会社サクセス,IT系
901,764,673,株式会社サクセス,IT系
902,765,674,株式会社サクセス,IT系
903,766,675,株式会社サクセス,IT系
904,767,676,株式会社サクセス,IT系
905,768,677,株式会社サビーナ自然化粧品,IT系
906,769,678,株式会社サプライ,IT系
907,770,1321,株式会社サムザップ,IT系
908,771,1322,株式会社サムザップ,IT系
909,772,679,株式会社サンテック,IT系
910,773,680,株式会社サンユ情報システム,IT系
911,1379,1323,株式会社サン情報開発,IT系
912,774,681,株式会社シェアソフトウェア,IT系
913,775,682,株式会社シェード,IT系
914,776,683,株式会社システマーズ,IT系
915,777,684,株式会社システムアート,IT系
916,778,685,株式会社システムイオ,IT系
917,779,686,株式会社システムインテック,IT系
918,780,687,株式会社システムエグゼ,IT系
919,781,688,株式会社システムエージェント,IT系
920,782,689,株式会社システムクエスト,IT系
921,783,690,株式会社システムクルー,IT系
922,784,691,株式会社システムサービス,IT系
923,785,692,株式会社システムシンク,IT系
924,786,693,株式会社システムシンク,IT系
925,787,694,株式会社システムテクノロジー,IT系
926,788,1324,株式会社システムフォース,IT系
927,789,695,株式会社システムリンク,IT系
928,790,696,株式会社システム・エコー,IT系
929,791,697,株式会社システム・デザイン・ジャパン,IT系
930,792,698,株式会社システム・ラボ,IT系
931,793,699,株式会社システム情報,IT系
932,794,700,株式会社システム情報,IT系
933,795,701,株式会社シスリンク,IT系
934,796,702,株式会社シフト,IT系
935,797,703,株式会社シフト,IT系
936,1380,1325,株式会社シャトレーイン横浜,IT系
937,798,704,株式会社シャール,IT系
938,1381,1326,株式会社シンク,IT系
939,799,705,株式会社シンクスバンク,IT系
940,800,706,株式会社シンクロジック,IT系
941,1382,1327,株式会社シンセベース,IT系
942,801,1328,株式会社シーエーシー,IT系
943,802,1329,株式会社シーエーシー,IT系
944,803,1330,株式会社シーエーシー,IT系
945,804,1331,株式会社シーエーシー,IT系
946,805,1332,株式会社シーエーシー,IT系
947,806,1333,株式会社シーエーシー,IT系
948,807,707,株式会社シーシー・ネットワーク,IT系
949,1383,1334,株式会社シーフォービジネスインテグレーション,IT系
950,808,708,株式会社シー・シー・コンサルティング,IT系
951,1384,1335,株式会社シー・スリー・コーポレーション,IT系
952,1385,1336,株式会社ジェイズアヴェニュー,IT系
953,809,709,株式会社ジェイティープランニング,IT系
954,810,710,株式会社ジェイ・コミュニケーション,IT系
955,811,711,株式会社ジェクト,IT系
956,812,712,株式会社ジェネシスインフォメーションテクノロジ,IT系
957,1386,1337,株式会社ジェーアイシー,IT系
958,1387,1338,株式会社ジェーアイシー,IT系
959,813,713,株式会社ジェーエムエーシステムズ,IT系
960,814,714,株式会社ジェーエムエーシステムズ,IT系
961,815,715,株式会社ジェーエムエーシステムズ,IT系
962,816,716,株式会社ジェーエムエーシステムズ,IT系
963,817,717,株式会社ジャズインタープレイ,IT系
964,818,718,株式会社ジャンガ・テック,IT系
965,819,719,株式会社ジャンガ・テック,IT系
966,820,720,株式会社ジュビロシステム,IT系
967,821,721,株式会社ジョブイン,IT系
968,822,722,株式会社ジョブイン,IT系
969,823,723,株式会社ジーエンス,IT系
970,1388,1339,株式会社スイング,IT系
971,824,724,株式会社スカラベスタジオ,IT系
972,825,1340,株式会社スクウェア・エニックス,IT系
973,826,1341,株式会社スクウェア・エニックス,IT系
974,1389,1342,株式会社スクリプティングアーツ,IT系
975,827,725,株式会社スタジオピーコック,IT系
976,828,726,株式会社スタジオピーコック,IT系
977,829,727,株式会社スターシステム,IT系
978,830,728,株式会社ステップワン,IT系
979,831,729,株式会社ステップワン,IT系
980,1390,1343,株式会社ステンレスワン,IT系
981,1391,1344,株式会社ストラテジーアンドパートナーズ,IT系
982,1392,1345,株式会社ストラテジーアンドパートナーズ,IT系
983,832,730,株式会社ストーンシステム,IT系
984,1393,1346,株式会社スピードリンクジャパン,IT系
985,833,731,株式会社スポーツリンク,IT系
986,834,732,株式会社スマイルラボ,IT系
987,835,733,株式会社スマイルラボ,IT系
988,836,734,株式会社スマイルラボ,IT系
989,837,735,株式会社スリーイー,IT系
990,838,736,株式会社スリーイー,IT系
991,839,1347,株式会社スリーハイ,IT系
992,840,737,株式会社スリーリングス,IT系
993,841,738,株式会社スリーリーフクローバー,IT系
994,842,739,株式会社スレッドアンドハーフ,IT系
995,1394,1348,株式会社スングーラ,IT系
996,843,740,株式会社ズィット,IT系
997,844,741,株式会社ズィット,IT系
998,845,742,株式会社ズィット,IT系
999,846,743,株式会社ズィット,IT系
1000,847,744,株式会社ズィット,IT系
1001,848,745,株式会社セガ,IT系
1002,849,746,株式会社セガ,IT系
1003,1395,1349,株式会社セプテーニ,IT系
1004,1396,1350,株式会社セプテーニ,IT系
1005,1397,1351,株式会社セールスフォース,IT系
1006,1398,1352,株式会社セールスフォース・ドットコム,IT系
1007,1399,1353,株式会社セールスフォース・ドットコム,IT系
1008,1400,1354,株式会社セールスマーケティング,IT系
1009,1401,1355,株式会社セールスマーケティング,IT系
1010,850,747,株式会社ゼストシステム,IT系
1011,851,748,株式会社ゼネテック,IT系
1012,852,749,株式会社ゼロスタートコミュニケーションズ,IT系
1013,853,750,株式会社ゼロスタートコミュニケーションズ,IT系
1014,1402,1356,株式会社ソナー,IT系
1015,854,751,株式会社ソニック,IT系
1016,855,752,株式会社ソフトウェアサービス,IT系
1017,856,1357,株式会社ソフトウェア・サイエンス,IT系
1018,857,753,株式会社ソフトワークス,IT系
1019,858,754,株式会社ソフマック,IT系
1020,859,755,株式会社ソルパック,IT系
1021,860,756,株式会社ソルパック,IT系
1022,861,757,株式会社ソレモ,IT系
1023,862,758,株式会社ソレモ,IT系
1024,863,759,株式会社ソレモ,IT系
1025,864,760,株式会社タイレルシステムズ,IT系
1026,865,761,株式会社タイレルシステムズ,IT系
1027,1403,1358,株式会社タスキブ,IT系
1028,1404,1359,株式会社タノシード,IT系
1029,866,762,株式会社ダイスクリエイティブ,IT系
1030,867,763,株式会社ダイスクリエイティブ,IT系
1031,868,1360,株式会社ダイレクトメッセージ,IT系
1032,869,1361,株式会社ダイレクトメッセージ,IT系
1033,870,764,株式会社チュンソフト,IT系
1034,871,765,株式会社ツナミ,IT系
1035,872,766,株式会社ツリーベル,IT系
1036,873,767,株式会社ツリーベル,IT系
1037,874,768,株式会社ティップトップソフトウェア,IT系
1038,1405,1362,株式会社ティーコネクション,IT系
1039,875,769,株式会社ティーネットジャパン,IT系
1040,876,770,株式会社ティー・イー・シーシステム,IT系
1041,877,1365,株式会社テクニカル・インターナショナル,IT系
1042,878,1366,株式会社テクニカル・インターナショナル,IT系
1043,879,1367,株式会社テクニカル・インターナショナル,IT系
1044,880,771,株式会社テクニカル・ネット,IT系
1045,881,772,株式会社テクニカル・ネット,IT系
1046,882,773,株式会社テクノウェア,IT系
1047,883,774,株式会社テクノウエア,IT系
1048,884,775,株式会社テクノウエア,IT系
1049,885,776,株式会社テクノウォーカー,IT系
1050,886,777,株式会社テクノプラン,IT系
1051,887,778,株式会社テックツリー,IT系
1052,888,779,株式会社テラシステム,IT系
1053,1408,1368,株式会社テレウェイヴリンクス,IT系
1054,1409,1369,株式会社テレウェイヴリンクス,IT系
1055,889,780,株式会社テンダ,IT系
1056,890,781,株式会社テンダ,IT系
1057,891,782,株式会社テンダ,IT系
1058,892,783,株式会社テンダ,IT系
1059,893,784,株式会社テンベン,IT系
1060,894,785,株式会社テンベン,IT系
1061,895,1370,株式会社ディアフィールド,IT系
1062,896,786,株式会社ディスタント・ビュー,IT系
1063,897,787,株式会社ディンプス,IT系
1064,898,788,株式会社デザインファクトリー,IT系
1065,899,789,株式会社デザインファクトリー,IT系
1066,900,790,株式会社デジタルアドベンチャー,IT系
1067,901,791,株式会社デジタルアドベンチャー,IT系
1068,902,792,株式会社デジタルハーツ,IT系
1069,903,793,株式会社デジタルピープル,IT系
1070,904,794,株式会社デジタルワークスエンターテインメント,IT系
1071,905,1371,株式会社デジタルワークスエンターテインメント,IT系
1072,906,795,株式会社デジタル・インフォ・プロデュース,IT系
1073,907,796,株式会社デジタル・メディア・ラボ,IT系
1074,1410,1372,株式会社デジターボ,IT系
1075,1411,1373,株式会社デジックスエモーション,IT系
1076,1412,1374,株式会社デュリュクス,IT系
1077,908,797,株式会社デルテク,IT系
1078,1413,1375,株式会社トウェルブ,IT系
1079,909,798,株式会社トップゲート,IT系
1080,910,799,株式会社トムス・エンタテイメント,IT系
1081,911,800,株式会社トライアウト,IT系
1082,1414,1376,株式会社トライアンフコーポレーション,IT系
1083,1415,1377,株式会社トライアンフコーポレーション,IT系
1084,912,801,株式会社トラストアンドテクノロジー,IT系
1085,913,1378,株式会社トランザクション,IT系
1086,1416,1379,株式会社トラント,IT系
1087,914,802,株式会社トランプソフト,IT系
1088,915,803,株式会社トレストーレス,IT系
1089,916,804,株式会社トータルオーエーシステムズ,IT系
1090,917,805,株式会社トーテック・ジャパン,IT系
1091,918,806,株式会社トーテック・ジャパン,IT系
1092,1417,1380,株式会社ドゥキャリア,IT系
1093,1418,1381,株式会社ドッチ,IT系
1094,1419,1382,株式会社ドリームインキュベーター,IT系
1095,919,807,株式会社ドリームス,IT系
1096,920,808,株式会社ドリームス,IT系
1097,921,809,株式会社ドリーム・アーツ,IT系
1098,922,810,株式会社ドリーム・アーツ,IT系
1099,923,1383,株式会社ドワンゴ,IT系
1100,924,1384,株式会社ドワンゴ,IT系
1101,925,1385,株式会社ドワンゴ,IT系
1102,926,1386,株式会社ドワンゴ,IT系
1103,927,1387,株式会社ドワンゴ,IT系
1104,928,811,株式会社ナイル,IT系
1105,929,812,株式会社ナイル,IT系
1106,930,1388,株式会社ナウプロダクション,IT系
1107,931,1389,株式会社ナウプロダクション,IT系
1108,1420,1390,株式会社ナガセPCスクール,IT系
1109,1421,1391,株式会社ナガセPCスクール,IT系
1110,932,813,株式会社ナルボ,IT系
1111,933,814,株式会社ニューアクション,IT系
1112,934,815,株式会社ニューシステムズテクノロジー,IT系
1113,1422,1392,株式会社ネイティブクリエイション,IT系
1114,1423,1393,株式会社ネオキャリア,IT系
1115,1424,1394,株式会社ネオキャリア,IT系
1116,1425,1395,株式会社ネオキャリア,IT系
1117,1426,1396,株式会社ネオキャリア,IT系
1118,935,816,株式会社ネオシステム研究所,IT系
1119,936,817,株式会社ネオシステム研究所,IT系
1120,937,818,株式会社ネオシステム研究所,IT系
1121,938,819,株式会社ネオス,IT系
1122,939,820,株式会社ネオテックス,IT系
1123,940,821,株式会社ネオマーケティングス,IT系
1124,1427,1397,株式会社ネクサスマインド,IT系
1125,941,822,株式会社ネクスウェイ,IT系
1126,942,823,株式会社ネクスウェイ,IT系
1127,1428,1398,株式会社ネクストロン,IT系
1128,1429,1399,株式会社ネクストロン,IT系
1129,943,824,株式会社ネットウェーブ,IT系
1130,944,825,株式会社ネットサポート,IT系
1131,945,826,株式会社ネットシーズ,IT系
1132,946,827,株式会社ネットスケット,IT系
1133,947,828,株式会社ネットマイル,IT系
1134,948,829,株式会社ネットリンクス,IT系
1135,949,830,株式会社ネットリンクス,IT系
1136,950,1400,株式会社ネットワーク２１,IT系
1137,951,831,株式会社ネット・ストリングシステム,IT系
1138,952,832,株式会社ノバックス,IT系
1139,953,833,株式会社ノムラシステムコーポレーション,IT系
1140,954,834,株式会社ハイエレコン,IT系
1141,955,835,株式会社ハイエレコン,IT系
1142,956,836,株式会社ハイエレコン,IT系
1143,957,837,株式会社ハイド,IT系
1144,958,838,株式会社ハイファイネット,IT系
1145,959,839,株式会社ハンネット,IT系
1146,960,840,株式会社ハートビットデジタル,IT系
1147,961,841,株式会社ハートビットデジタル,IT系
1148,962,842,株式会社バイトルヒクマ,IT系
1149,963,843,株式会社バレナ,IT系
1150,964,844,株式会社パソナ,IT系
1151,965,845,株式会社パルスシステム,IT系
1152,966,846,株式会社パワーシフト,IT系
1153,967,847,株式会社パワーハウス,IT系
1154,968,848,株式会社パワーハウス,IT系
1155,969,849,株式会社パートナー,IT系
1156,970,850,株式会社ヒュービシステム研究所,IT系
1157,971,851,株式会社ヒューマンキャピタル,IT系
1158,972,852,株式会社ヒューマンキャピタル,IT系
1159,973,1401,株式会社ヒューマンネット・コンサルティング,IT系
1160,974,853,株式会社ヒューマンライフテクノロジー,IT系
1161,1430,1402,株式会社ビジネスシナジージャパン,IT系
1162,975,854,株式会社ビジネス・インフォメーション・テクノロジー,IT系
1163,976,855,株式会社ビジネス・インフォメーション・テクノロジー,IT系
1164,977,856,株式会社ビジネス・インフォメーション・テクノロジー,IT系
1165,978,857,株式会社ビジュアルフライト,IT系
1166,979,858,株式会社ビジュアルフライト,IT系
1167,980,859,株式会社ビズウインド,IT系
1168,1431,1403,株式会社ビックカメラ,IT系
1169,1432,1404,株式会社ビッグツリーキャピタル,IT系
1170,1433,1405,株式会社ビッグツリーキャピタル,IT系
1171,981,860,株式会社ビッツ,IT系
1172,982,861,株式会社ビービーシステム,IT系
1173,983,1406,株式会社ビーブレイクシステムズ,IT系
1174,984,1407,株式会社ビーブレイクシステムズ,IT系
1175,1434,1408,株式会社ビーライン・インタラクティブ・ジャパン,IT系
1176,985,862,株式会社ビー・エイチ・プロ,IT系
1177,986,863,株式会社ビー・エイチ・プロ,IT系
1178,987,864,株式会社ビー・スタイル,IT系
1179,988,865,株式会社ピコナ,IT系
1180,989,866,株式会社ピラミッド,IT系
1181,990,867,株式会社ピラミッド,IT系
1182,991,868,株式会社ファイナンシャルブレインシステムズ,IT系
1183,992,869,株式会社ファクト,IT系
1184,993,870,株式会社ファテック,IT系
1185,994,871,株式会社ファーストインパクト,IT系
1186,995,872,株式会社ファーンリッジ・ジャパン,IT系
1187,996,873,株式会社ファーンリッジ・ジャパン,IT系
1188,997,874,株式会社フィルアップ,IT系
1189,998,875,株式会社フェローズ,IT系
1190,999,876,株式会社フェローズ,IT系
1191,1000,877,株式会社フェローズ,IT系
1192,1435,1409,株式会社フォーバル・リアルストレート,IT系
1193,1436,1410,株式会社フォーバル・リアルストレート,IT系
1194,1437,1411,株式会社フュージョンワン,IT系
1195,1438,1412,株式会社フュージョンワン,IT系
1196,1439,1413,株式会社フライパンズ,IT系
1197,1001,878,株式会社フルスピード,IT系
1198,1002,879,株式会社フルスピード,IT系
1199,1440,1414,株式会社フレクト,IT系
1200,1003,880,株式会社フロムエー・アドセンター,IT系
1201,1004,881,株式会社フロンティアキューブ,IT系
1202,1005,882,株式会社フロンティアワークス,IT系
1203,1006,883,株式会社フロンティアワークス,IT系
1204,1007,884,株式会社フロントウイング,IT系
1205,1008,885,株式会社フロントウイング,IT系
1206,1009,1415,株式会社ブシロード,IT系
1207,1010,886,株式会社ブレインアーツ,IT系
1208,1011,887,株式会社ブレインアーツ,IT系
1209,1441,1416,株式会社ブレインコミュニケーション,IT系
1210,1012,888,株式会社ブレインスタッフ,IT系
1211,1013,889,株式会社ブレイントラスト,IT系
1212,1014,890,株式会社ブレーンネット,IT系
1213,1015,891,株式会社ブレーンネット,IT系
1214,1016,892,株式会社プライマルシステムズ,IT系
1215,1017,893,株式会社プラージュ,IT系
1216,1018,894,株式会社プラージュ,IT系
1217,1019,895,株式会社プラージュ,IT系
1218,1020,896,株式会社プラージュ,IT系
1219,1021,897,株式会社プリシード・システムズ,IT系
1220,1022,898,株式会社プレアデス,IT系
1221,1023,899,株式会社プレアデス,IT系
1222,1024,900,株式会社プログマインド,IT系
1223,1025,901,株式会社プロディジ,IT系
1224,1026,902,株式会社プロディジ,IT系
1225,1027,903,株式会社プロディジ,IT系
1226,1028,904,株式会社プロファイア,IT系
1227,1029,905,株式会社プロファイア,IT系
1228,1030,906,株式会社プロファイア,IT系
1229,1031,907,株式会社プロファイア,IT系
1230,1442,1417,株式会社プロフェット,IT系
1231,1032,908,株式会社ヘキサドライブ,IT系
1232,1033,909,株式会社ヘキサドライブ,IT系
1233,1034,1418,株式会社ベストソリューション,IT系
1234,1035,910,株式会社ベストメディア,IT系
1235,1036,911,株式会社ベネフル総合研究所,IT系
1236,1443,1419,株式会社ベルウィール渋谷,IT系
1237,1444,1420,株式会社ホスピタリティコミュニケーションズ,IT系
1238,1445,1421,株式会社ホスピタリティコミュニケーションズ,IT系
1239,1446,1422,株式会社ホスピタリティコミュニケーションズ,IT系
1240,1447,1423,株式会社ホープムーン,IT系
1241,1037,912,株式会社ボイスアンドビジュアル,IT系
1242,1448,1424,株式会社ボトルキューブ,IT系
1243,1038,913,株式会社ポケラボ,IT系
1244,1039,914,株式会社マイクロビジョン,IT系
1245,1040,915,株式会社マイクロヴィジョン,IT系
1246,1041,1425,株式会社マインド・シィ,IT系
1247,1042,1426,株式会社マインド・シィ,IT系
1248,1449,1427,株式会社マスターピース,IT系
1249,1043,916,株式会社マダライル・アンド・カンパニー,IT系
1250,1044,917,株式会社マルチメディアスクール・ウェーブ,IT系
1251,1450,1428,株式会社マーベラスAQL,IT系
1252,1045,918,株式会社ミックス,IT系
1253,1451,1429,株式会社ミップス,IT系
1254,1046,919,株式会社ミューロッツ,IT系
1255,1047,920,株式会社ミロク情報サービス,IT系
1256,1048,921,株式会社ミロット,IT系
1257,1049,922,株式会社ミロット,IT系
1258,1050,1430,株式会社ミームシステムズ,IT系
1259,1452,1431,株式会社ムー,IT系
1260,1051,1432,株式会社メガ・テクノロジー,IT系
1261,1052,923,株式会社メディアギルド,IT系
1262,1053,924,株式会社メディアナビ,IT系
1263,1054,925,株式会社メディアネットワーク,IT系
1264,1055,926,株式会社メディアネットワーク,IT系
1265,1056,927,株式会社メディアネットワーク,IT系
1266,1057,928,株式会社メディアネットワーク,IT系
1267,1453,1433,株式会社メディアワーク,IT系
1268,1058,929,株式会社メディア・マジック,IT系
1269,1059,930,株式会社メディア・マジック,IT系
1270,1060,931,株式会社メディア新日中,IT系
1271,1061,932,株式会社メディア新日中,IT系
1272,1062,933,株式会社メトロ,IT系
1273,1063,934,株式会社メルクスシステム,IT系
1274,1454,1434,株式会社メルソー,IT系
1275,1455,1435,株式会社メルソー,IT系
1276,1064,935,株式会社モバイルファクトリー,IT系
1277,1065,936,株式会社モバイル＆ゲームスタジオ,IT系
1278,1066,1436,株式会社モバリアル,IT系
1279,1067,937,株式会社ユニバーサルコムピューターシステム,IT系
1280,1457,1438,株式会社ユニマットライフ,IT系
1281,1068,938,株式会社ユヒーロ,IT系
1282,1069,939,株式会社ユヒーロ,IT系
1283,1070,940,株式会社ユビキタスエンターテインメント,IT系
1284,1071,941,株式会社ユーソフト,IT系
1285,1072,942,株式会社ユーリカ,IT系
1286,1073,943,株式会社ユー・エス・エル,IT系
1287,1074,944,株式会社ヨネヤ,IT系
1288,1075,1442,株式会社ライツコーポレーション,IT系
1289,1461,1443,株式会社ライトアップ,IT系
1290,1462,1444,株式会社ライトアップ,IT系
1291,1076,1445,株式会社ライトアームズ,IT系
1292,1077,1446,株式会社ライトアームズ,IT系
1293,1078,1447,株式会社ライトアームズ,IT系
1294,1079,1448,株式会社ライトアームズ,IT系
1295,1464,1450,株式会社ラスター,IT系
1296,1080,945,株式会社ラピス,IT系
1297,1465,1451,株式会社ランアンドガン,IT系
1298,1466,1452,株式会社ランアンドガン,IT系
1299,1081,946,株式会社ランドコンピュータ,IT系
1300,1082,947,株式会社ランドコンピュータ,IT系
1301,1083,948,株式会社リカレントキャリア,IT系
1302,1084,949,株式会社リクルートスタッフィング情報サービス,IT系
1303,1085,950,株式会社リゾーム,IT系
1304,1086,1453,株式会社リテール,IT系
1305,1087,1454,株式会社リテール,IT系
1306,1088,951,株式会社リリーブ,IT系
1307,1089,952,株式会社リンクアンドパートナーズ,IT系
1308,1090,953,株式会社リンクキット,IT系
1309,1467,1455,株式会社リヴトラスト,IT系
1310,1468,1456,株式会社ルーセントエッグ,IT系
1311,1469,1457,株式会社レッドウィングス,IT系
1312,1470,1458,株式会社ロココ,IT系
1313,1471,1459,株式会社ロゼッタ,IT系
1314,1472,1460,株式会社ロゼッタ,IT系
1315,1091,954,株式会社ワイアンドワイ・コンサルタント,IT系
1316,1473,1461,株式会社ワークサイエンス,IT系
1317,1474,1462,株式会社ワークサイエンス,IT系
1318,1092,955,株式会社ワークタンク,IT系
1319,1475,1463,株式会社ワークリバティ,IT系
1320,1476,1464,株式会社ワープストリーム,IT系
1321,1093,956,株式会社ワールドスカイ,IT系
1322,1477,1465,株式会社ワールド情報,IT系
1323,1094,957,株式会社ヴァンガード,IT系
1324,1095,958,株式会社ヴァンガード,IT系
1325,1096,959,株式会社ヴァンガード,IT系
1326,1097,960,株式会社三岩エンジニアリング,IT系
1327,1478,1466,株式会社京風とまと,IT系
1328,1098,1467,株式会社人材コンサルティング＆カンパニー,IT系
1329,1099,961,株式会社光文社,IT系
1330,1100,962,株式会社光通信,IT系
1331,1101,963,株式会社共同システムエンジニアリング,IT系
1332,1102,1468,株式会社創広,IT系
1333,1103,964,株式会社協立システム開発,IT系
1334,1104,965,株式会社大塚商会,IT系
1335,1105,966,株式会社大手広告通信社,IT系
1336,1106,967,株式会社大手広告通信社,IT系
1337,1107,968,株式会社大都技研,IT系
1338,1108,969,株式会社富士誇,IT系
1339,1109,970,株式会社岩手情報システム,IT系
1340,1110,971,株式会社帝国データバンク,IT系
1341,1111,972,株式会社情報処理システム研究所,IT系
1342,1479,1469,株式会社情報電子,IT系
1343,1112,973,株式会社技術評論社,IT系
1344,1113,974,株式会社日本サーキット,IT系
1345,1114,975,株式会社日本サーキット,IT系
1346,1115,976,株式会社日本ソフトウェアクリエイティブ,IT系
1347,1116,977,株式会社日本テクニクス,IT系
1348,1117,978,株式会社日本デジタルデータ,IT系
1349,1118,979,株式会社日本ブレーン,IT系
1350,1119,980,株式会社日本経営データ・センター,IT系
1351,1120,1471,株式会社日本経済広告社,IT系
1352,1121,1472,株式会社日本経済広告社,IT系
1353,1122,1473,株式会社日本経済広告社,IT系
1354,1123,981,株式会社日本経済社,IT系
1355,1124,982,株式会社日本経済社,IT系
1356,1125,983,株式会社日本財託,IT系
1357,1126,984,株式会社日松テック,IT系
1358,1127,985,株式会社日比谷コンピュータシステム,IT系
1359,1128,986,株式会社明幸フォーラム,IT系
1360,1129,987,株式会社明幸フォーラム,IT系
1361,1130,988,株式会社末広システム,IT系
1362,1131,989,株式会社本多ネットワーク,IT系
1363,1481,1474,株式会社朱雀,IT系
1364,1482,1475,株式会社朱雀,IT系
1365,1132,990,株式会社東京アドバタイジング,IT系
1366,1133,991,株式会社東京ヒューマニアエンタプライズ,IT系
1367,1134,1476,株式会社東京ビジネスソリューション,IT系
1368,1135,992,株式会社東京商工リサーチ,IT系
1369,1136,993,株式会社東邦システムサイエンス,IT系
1370,1137,994,株式会社法華倶楽部,IT系
1371,1138,995,株式会社渚ラボ,IT系
1372,1139,996,株式会社渚ラボ,IT系
1373,1483,1477,株式会社潮見サービス,IT系
1374,1484,1478,株式会社潮見サービス,IT系
1375,1485,1479,株式会社潮見サービス,IT系
1376,1140,997,株式会社理創,IT系
1377,1141,998,株式会社石澤研究所,IT系
1378,1142,999,株式会社石澤研究所,IT系
1379,1486,1480,株式会社祥平館,IT系
1380,1143,1000,株式会社立花書房,IT系
1381,1144,1001,株式会社網屋,IT系
1382,1145,1002,株式会社網屋,IT系
1383,1146,1003,株式会社網屋,IT系
1384,1147,1004,株式会社総研システムズ,IT系
1385,1148,1005,株式会社総研システムズ,IT系
1386,1149,1481,株式会社翔栄クリエイト,IT系
1387,1150,1482,株式会社芝通,IT系
1388,1151,1006,株式会社関東東急イン,IT系
1389,1152,1007,株式会社際システム,IT系
1390,1487,1483,株式会社零,IT系
1391,1153,1484,株式会社電遊社,IT系
1392,1488,1485,株式会社ＣＳＫアドミニストレーションサービス,IT系
1393,1154,1486,株式会社ＣＳＫ証券サービス,IT系
1394,1155,1487,株式会社ＣＳＫ証券サービス,IT系
1395,1156,1008,株式会社ＫＤＤＩウェブコミュニケーションズ,IT系
1396,1489,1488,楽天株式会社,IT系
1397,1491,1490,源株式会社,IT系
1398,1492,1491,独立行政法人中小企業基盤設備機構,IT系
1399,1157,1009,社会システム株式会社,IT系
1400,1158,1010,社会システム株式会社,IT系
1401,1159,1011,社団法人芝法人会,IT系
1402,1160,1012,竹川観光株式会社,IT系
1403,1161,1013,総合リサイクルショップトレジャーファクトリー,IT系
1404,1162,1014,花梨エンターテインメント,IT系
1405,1494,1493,藤田観光株式会社,IT系
1406,1495,1494,藤田観光株式会社,IT系
1407,1496,1495,藤田観光株式会社,IT系
1408,1497,1496,藤田観光株式会社,IT系
1409,1163,1015,近代システムビューロー株式会社,IT系
1410,1164,1497,関電システムソリューションズ株式会社,IT系
1411,1498,1498,防衛省自衛隊,IT系
1412,1499,1499,電気化学工業株式会社,IT系
1413,1165,1016,魔法株式会社,IT系
1414,1166,1017,魔法株式会社,IT系
1415,1167,1018,鹿島東京開発株式会社,IT系
1416,1168,1019,齋藤久晃公認会計事務所,IT系
1417,1169,1020,ＣＴＣビジネスサービス株式会社,IT系
1418,1170,1021,ＣＴＣビジネスサービス株式会社,IT系
1419,1171,1022,ＣＴＣビジネスサービス株式会社,IT系
1420,1500,1500,Ｊ－ｓｃｈｏｏＬ,IT系
1421,1172,1023,ＳＭＣ株式会社,IT系
1422,1173,1024,ＴＩＳ株式会社,IT系
1423,1174,1025,ｅ－まちタウン株式会社,IT系
1424,1175,1026,Coco-Factory,ホテル系
1425,1176,1027,ウェスティンホテル東京,ホテル系
1426,1177,1028,ウェスティンホテル東京,ホテル系
1427,1178,1029,サーブホテルズ株式会社,ホテル系
1428,1179,1030,サーブホテルズ株式会社,ホテル系
1429,1180,1031,サーブホテルズ株式会社,ホテル系
1430,1181,1032,スカイコートホテル株式会社,ホテル系
1431,1182,1033,ブリーズベイホテル株式会社,ホテル系
1432,1183,1034,ベルモントホテル株式会社,ホテル系
1433,1184,1035,ホテルキャメロットジャパン,ホテル系
1434,1185,1036,ホテルキャメロットジャパン,ホテル系
1435,1186,1037,ホテルグリーンタワー幕張,ホテル系
1436,1187,1038,ホテルブリランテ武蔵野,ホテル系
1437,1188,1039,ホテルヨコスカグループ,ホテル系
1438,1189,1040,ホテルヨコスカグループ,ホテル系
1439,1190,1041,ホテル梶ヶ谷プラザ,ホテル系
1440,1191,1042,上野東金屋ホテル,ホテル系
1441,1192,1043,京成ホテルミラマーレ,ホテル系
1442,1193,1044,入谷アーバンホテル,ホテル系
1443,1194,1045,八重洲ターミナルホテル,ホテル系
1444,1195,1046,新横浜国際ホテル,ホテル系
1445,1196,1047,日本ホテル株式会社,ホテル系
1446,1197,1048,有限会社芝大門ホテル,ホテル系
1447,1198,1049,東京中央経営株式会社,ホテル系
1448,1199,1050,東急ステイサービス株式会社,ホテル系
1449,1200,1051,株式会社MOT,ホテル系
1450,1201,1052,株式会社MOT,ホテル系
1451,1202,1053,株式会社スターホテル,ホテル系
1452,1203,1054,株式会社データホテル,ホテル系
1453,1204,1055,株式会社データホテル,ホテル系
1454,1205,1056,株式会社パレスエンタープライズ,ホテル系
1455,1206,1057,株式会社フォーブス,ホテル系
1456,1207,1058,株式会社ホテルニューツカモト,ホテル系
1457,1208,1059,株式会社ホテル京急,ホテル系
1458,1209,1060,株式会社京急パシフィックホテルズ,ホテル系
1459,1210,1061,株式会社東急ホテルズ,ホテル系
1460,1211,1062,株式会社東武ホテルマネジメント,ホテル系
1461,1212,1063,株式会社銀座国際ホテル,ホテル系
1462,1213,1064,株式会社Ａカードホテルシステム,ホテル系
1463,1214,1065,株式会社Ａカードホテルシステム,ホテル系
1464,1215,1066,浦和ロイヤルパインズホテル,ホテル系
1465,1216,1067,綾瀬国際ホテル,ホテル系
1466,1217,1068,3Dコンソーシアム運営事務局,分類不可
1467,1231,1091,アイ・ティー・マネジメント株式会社,分類不可
1468,1247,1118,ソラン株式会社,分類不可
1469,1248,1119,ソラン株式会社,分類不可
1470,1271,1154,協和営造株式会社,分類不可
1471,1272,1155,協和営造株式会社,分類不可
1472,1275,1159,弘和印刷株式会社,分類不可
1473,1276,1160,日本アクセス株式会社,分類不可
1474,1277,1161,日本アクセス株式会社,分類不可
1475,1278,1162,日本アクセス株式会社,分類不可
1476,1283,1174,日本建築医学協会,分類不可
1477,1285,1176,有限会社　アイデアポケット,分類不可
1478,1294,1190,東電不動産株式会社,分類不可
1479,1295,1191,東電不動産株式会社,分類不可
1480,1296,1192,東電不動産株式会社,分類不可
1481,1302,1205,株式会社GlobalSupport,分類不可
1482,1304,1209,株式会社LUPINUS,分類不可
1483,1305,1210,株式会社MANGA RAK,分類不可
1484,1306,1211,株式会社MPG,分類不可
1485,1347,1271,株式会社アリエ,分類不可
1486,1348,1272,株式会社アルカディアエンターテイナー,分類不可
1487,1365,1297,株式会社オフィスBCG,分類不可
1488,1369,1304,株式会社カーパイン,分類不可
1489,1376,1318,株式会社コージー本舗,分類不可
1490,1377,1319,株式会社コーポレート・アドバイザー・アカウンティング,分類不可
1491,1406,1363,株式会社ティーピーエス,分類不可
1492,1407,1364,株式会社ティーピーエス,分類不可
1493,1456,1437,株式会社モリック,分類不可
1494,1458,1439,株式会社ヨシツカ産業,分類不可
1495,1459,1440,株式会社ライオン・ハート,分類不可
1496,1460,1441,株式会社ライオン・ハート,分類不可
1497,1463,1449,株式会社ライトブレーン,分類不可
1498,1480,1470,株式会社日宣,分類不可
1499,1490,1489,武蔵電子株式会社,分類不可
1500,1493,1492,税理士法人コーポレート・アドバイザーズ,分類不可
